[
  {
    "stn_id": 90,
    "lon": 128.56473,
    "lat": 38.25085,
    "stn_ko": "속초"
  },
  {
    "stn_id": 93,
    "lon": 127.75443,
    "lat": 37.94738,
    "stn_ko": "북춘천"
  },
  {
    "stn_id": 95,
    "lon": 127.3042,
    "lat": 38.14787,
    "stn_ko": "철원"
  },
  {
    "stn_id": 98,
    "lon": 127.0607,
    "lat": 37.90188,
    "stn_ko": "동두천"
  },
  {
    "stn_id": 99,
    "lon": 126.76648,
    "lat": 37.88589,
    "stn_ko": "파주"
  },
  {
    "stn_id": 100,
    "lon": 128.71834,
    "lat": 37.67713,
    "stn_ko": "대관령"
  },
  {
    "stn_id": 101,
    "lon": 127.7357,
    "lat": 37.90262,
    "stn_ko": "춘천"
  },
  {
    "stn_id": 102,
    "lon": 124.71237,
    "lat": 37.97396,
    "stn_ko": "백령도"
  },
  {
    "stn_id": 104,
    "lon": 128.85535,
    "lat": 37.80456,
    "stn_ko": "북강릉"
  },
  {
    "stn_id": 105,
    "lon": 128.89099,
    "lat": 37.75147,
    "stn_ko": "강릉"
  },
  {
    "stn_id": 106,
    "lon": 129.12433,
    "lat": 37.50709,
    "stn_ko": "동해"
  },
  {
    "stn_id": 108,
    "lon": 126.9658,
    "lat": 37.57142,
    "stn_ko": "서울"
  },
  {
    "stn_id": 112,
    "lon": 126.6249,
    "lat": 37.47772,
    "stn_ko": "인천"
  },
  {
    "stn_id": 114,
    "lon": 127.94659,
    "lat": 37.33749,
    "stn_ko": "원주"
  },
  {
    "stn_id": 115,
    "lon": 130.89863,
    "lat": 37.48129,
    "stn_ko": "울릉도"
  },
  {
    "stn_id": 119,
    "lon": 126.983,
    "lat": 37.25746,
    "stn_ko": "수원"
  },
  {
    "stn_id": 121,
    "lon": 128.45743,
    "lat": 37.18126,
    "stn_ko": "영월"
  },
  {
    "stn_id": 127,
    "lon": 127.9525,
    "lat": 36.97045,
    "stn_ko": "충주"
  },
  {
    "stn_id": 129,
    "lon": 126.4939,
    "lat": 36.77658,
    "stn_ko": "서산"
  },
  {
    "stn_id": 130,
    "lon": 129.41278,
    "lat": 36.99176,
    "stn_ko": "울진"
  },
  {
    "stn_id": 131,
    "lon": 127.44066,
    "lat": 36.63924,
    "stn_ko": "청주"
  },
  {
    "stn_id": 133,
    "lon": 127.3721,
    "lat": 36.37199,
    "stn_ko": "대전"
  },
  {
    "stn_id": 135,
    "lon": 127.99458,
    "lat": 36.22025,
    "stn_ko": "추풍령"
  },
  {
    "stn_id": 136,
    "lon": 128.70733,
    "lat": 36.57293,
    "stn_ko": "안동"
  },
  {
    "stn_id": 137,
    "lon": 128.15741,
    "lat": 36.40837,
    "stn_ko": "상주"
  },
  {
    "stn_id": 138,
    "lon": 129.38002,
    "lat": 36.03201,
    "stn_ko": "포항"
  },
  {
    "stn_id": 140,
    "lon": 126.76135,
    "lat": 36.0053,
    "stn_ko": "군산"
  },
  {
    "stn_id": 143,
    "lon": 128.65296,
    "lat": 35.87797,
    "stn_ko": "대구"
  },
  {
    "stn_id": 146,
    "lon": 127.11718,
    "lat": 35.84092,
    "stn_ko": "전주"
  },
  {
    "stn_id": 152,
    "lon": 129.33469,
    "lat": 35.58237,
    "stn_ko": "울산"
  },
  {
    "stn_id": 155,
    "lon": 128.57282,
    "lat": 35.17019,
    "stn_ko": "창원"
  },
  {
    "stn_id": 156,
    "lon": 126.89156,
    "lat": 35.17294,
    "stn_ko": "광주"
  },
  {
    "stn_id": 159,
    "lon": 129.03203,
    "lat": 35.10468,
    "stn_ko": "부산"
  },
  {
    "stn_id": 162,
    "lon": 128.43561,
    "lat": 34.84541,
    "stn_ko": "통영"
  },
  {
    "stn_id": 165,
    "lon": 126.38151,
    "lat": 34.81732,
    "stn_ko": "목포"
  },
  {
    "stn_id": 168,
    "lon": 127.74063,
    "lat": 34.73929,
    "stn_ko": "여수"
  },
  {
    "stn_id": 169,
    "lon": 125.45105,
    "lat": 34.68719,
    "stn_ko": "흑산도"
  },
  {
    "stn_id": 170,
    "lon": 126.70182,
    "lat": 34.3959,
    "stn_ko": "완도"
  },
  {
    "stn_id": 172,
    "lon": 126.599,
    "lat": 35.34824,
    "stn_ko": "고창"
  },
  {
    "stn_id": 174,
    "lon": 127.3694,
    "lat": 35.0204,
    "stn_ko": "순천"
  },
  {
    "stn_id": 177,
    "lon": 126.68772,
    "lat": 36.65759,
    "stn_ko": "홍성"
  },
  {
    "stn_id": 181,
    "lon": 127.396944,
    "lat": 36.63972,
    "stn_ko": "서청주(예)"
  },
  {
    "stn_id": 184,
    "lon": 126.52969,
    "lat": 33.51411,
    "stn_ko": "제주"
  },
  {
    "stn_id": 185,
    "lon": 126.16283,
    "lat": 33.29382,
    "stn_ko": "고산"
  },
  {
    "stn_id": 188,
    "lon": 126.8802,
    "lat": 33.38677,
    "stn_ko": "성산"
  },
  {
    "stn_id": 189,
    "lon": 126.5653,
    "lat": 33.24616,
    "stn_ko": "서귀포"
  },
  {
    "stn_id": 192,
    "lon": 128.04004,
    "lat": 35.16378,
    "stn_ko": "진주"
  },
  {
    "stn_id": 201,
    "lon": 126.44634,
    "lat": 37.70739,
    "stn_ko": "강화"
  },
  {
    "stn_id": 202,
    "lon": 127.49446,
    "lat": 37.48863,
    "stn_ko": "양평"
  },
  {
    "stn_id": 203,
    "lon": 127.48421,
    "lat": 37.26399,
    "stn_ko": "이천"
  },
  {
    "stn_id": 211,
    "lon": 128.16714,
    "lat": 38.05986,
    "stn_ko": "인제"
  },
  {
    "stn_id": 212,
    "lon": 127.88043,
    "lat": 37.6836,
    "stn_ko": "홍천"
  },
  {
    "stn_id": 216,
    "lon": 128.98929,
    "lat": 37.17038,
    "stn_ko": "태백"
  },
  {
    "stn_id": 217,
    "lon": 128.6459,
    "lat": 37.38149,
    "stn_ko": "정선군"
  },
  {
    "stn_id": 221,
    "lon": 128.19433,
    "lat": 37.15928,
    "stn_ko": "제천"
  },
  {
    "stn_id": 226,
    "lon": 127.73415,
    "lat": 36.48761,
    "stn_ko": "보은"
  },
  {
    "stn_id": 232,
    "lon": 127.29282,
    "lat": 36.76217,
    "stn_ko": "천안"
  },
  {
    "stn_id": 235,
    "lon": 126.55744,
    "lat": 36.32724,
    "stn_ko": "보령"
  },
  {
    "stn_id": 236,
    "lon": 126.92079,
    "lat": 36.27242,
    "stn_ko": "부여"
  },
  {
    "stn_id": 238,
    "lon": 127.48175,
    "lat": 36.10563,
    "stn_ko": "금산"
  },
  {
    "stn_id": 239,
    "lon": 127.24438,
    "lat": 36.48522,
    "stn_ko": "세종"
  },
  {
    "stn_id": 243,
    "lon": 126.71657,
    "lat": 35.72961,
    "stn_ko": "부안"
  },
  {
    "stn_id": 244,
    "lon": 127.28556,
    "lat": 35.61203,
    "stn_ko": "임실"
  },
  {
    "stn_id": 245,
    "lon": 126.83904,
    "lat": 35.56337,
    "stn_ko": "정읍"
  },
  {
    "stn_id": 247,
    "lon": 127.39652,
    "lat": 35.4213,
    "stn_ko": "남원"
  },
  {
    "stn_id": 248,
    "lon": 127.52031,
    "lat": 35.65696,
    "stn_ko": "장수"
  },
  {
    "stn_id": 251,
    "lon": 126.697,
    "lat": 35.42661,
    "stn_ko": "고창군"
  },
  {
    "stn_id": 252,
    "lon": 126.47784,
    "lat": 35.28366,
    "stn_ko": "영광군"
  },
  {
    "stn_id": 253,
    "lon": 128.89075,
    "lat": 35.22981,
    "stn_ko": "김해시"
  },
  {
    "stn_id": 254,
    "lon": 127.1286,
    "lat": 35.37131,
    "stn_ko": "순창군"
  },
  {
    "stn_id": 255,
    "lon": 128.6726,
    "lat": 35.22655,
    "stn_ko": "북창원"
  },
  {
    "stn_id": 257,
    "lon": 129.02009,
    "lat": 35.30737,
    "stn_ko": "양산시"
  },
  {
    "stn_id": 258,
    "lon": 127.21226,
    "lat": 34.76335,
    "stn_ko": "보성군"
  },
  {
    "stn_id": 259,
    "lon": 126.78408,
    "lat": 34.64457,
    "stn_ko": "강진군"
  },
  {
    "stn_id": 260,
    "lon": 126.91951,
    "lat": 34.68886,
    "stn_ko": "장흥"
  },
  {
    "stn_id": 261,
    "lon": 126.56907,
    "lat": 34.55375,
    "stn_ko": "해남"
  },
  {
    "stn_id": 262,
    "lon": 127.27572,
    "lat": 34.61826,
    "stn_ko": "고흥"
  },
  {
    "stn_id": 263,
    "lon": 128.28812,
    "lat": 35.32258,
    "stn_ko": "의령군"
  },
  {
    "stn_id": 264,
    "lon": 127.74538,
    "lat": 35.51138,
    "stn_ko": "함양군"
  },
  {
    "stn_id": 266,
    "lon": 127.6914,
    "lat": 34.9434,
    "stn_ko": "광양시"
  },
  {
    "stn_id": 268,
    "lon": 126.25846,
    "lat": 34.47296,
    "stn_ko": "진도군"
  },
  {
    "stn_id": 271,
    "lon": 128.91449,
    "lat": 36.94361,
    "stn_ko": "봉화"
  },
  {
    "stn_id": 272,
    "lon": 128.51687,
    "lat": 36.87183,
    "stn_ko": "영주"
  },
  {
    "stn_id": 273,
    "lon": 128.14879,
    "lat": 36.62727,
    "stn_ko": "문경"
  },
  {
    "stn_id": 276,
    "lon": 129.04005,
    "lat": 36.4351,
    "stn_ko": "청송군"
  },
  {
    "stn_id": 277,
    "lon": 129.40926,
    "lat": 36.53337,
    "stn_ko": "영덕"
  },
  {
    "stn_id": 278,
    "lon": 128.68864,
    "lat": 36.3561,
    "stn_ko": "의성"
  },
  {
    "stn_id": 279,
    "lon": 128.32055,
    "lat": 36.13055,
    "stn_ko": "구미"
  },
  {
    "stn_id": 281,
    "lon": 128.9514,
    "lat": 35.97742,
    "stn_ko": "영천"
  },
  {
    "stn_id": 283,
    "lon": 129.2009,
    "lat": 35.8174,
    "stn_ko": "경주시"
  },
  {
    "stn_id": 284,
    "lon": 127.9099,
    "lat": 35.66739,
    "stn_ko": "거창"
  },
  {
    "stn_id": 285,
    "lon": 128.16994,
    "lat": 35.56505,
    "stn_ko": "합천"
  },
  {
    "stn_id": 288,
    "lon": 128.74412,
    "lat": 35.49147,
    "stn_ko": "밀양"
  },
  {
    "stn_id": 289,
    "lon": 127.8791,
    "lat": 35.413,
    "stn_ko": "산청"
  },
  {
    "stn_id": 294,
    "lon": 128.60459,
    "lat": 34.88818,
    "stn_ko": "거제"
  },
  {
    "stn_id": 295,
    "lon": 127.92641,
    "lat": 34.81662,
    "stn_ko": "남해"
  }
]